INSERT INTO public."Program" (id, name, speciality, url, tag, days_amount, price, difficulty) VALUES (5455, 'Компьютерная грамотность', ', Выберу в процессе обучения', 'https://gb.ru/courses/geek-school/literacy', 'Профессии для школьников', null, null, 'Junior');
INSERT INTO public."Program" (id, name, speciality, url, tag, days_amount, price, difficulty) VALUES (5578, 'Графический дизайн', ', Цифровое творчество', 'https://gb.ru/courses/geek-school/graphic-design', 'Профессии для школьников', null, null, 'Junior');
INSERT INTO public."Program" (id, name, speciality, url, tag, days_amount, price, difficulty) VALUES (5191, '3D-моделирование в Blender', ', Цифровое творчество', 'https://gb.ru/courses/geek-school/3d', 'Профессии для школьников', null, null, 'Junior');
INSERT INTO public."Program" (id, name, speciality, url, tag, days_amount, price, difficulty) VALUES (4020, 'Дизайн и программирование в Roblox Studio', ', Разработка игр', 'https://gb.ru/courses/geek-school/roblox', 'Профессии для школьников', null, null, 'Junior');
INSERT INTO public."Program" (id, name, speciality, url, tag, days_amount, price, difficulty) VALUES (5802, 'Программирование и разработка игр на Scratch', ', Выберу в процессе обучения', 'https://gb.ru/courses/geek-school/scratch', 'Профессии для школьников', null, null, 'Junior');
INSERT INTO public."Program" (id, name, speciality, url, tag, days_amount, price, difficulty) VALUES (6144, 'Разработчик', 'Разработчик — это максимально общее название специалистов, которые связаны с разработкой нового программного обеспечения, сайтов, платформ, экосистем, баз данных, технологических устройств и архитектуры. Они действуют в рамках своей роли в команде, но в целом способны сделать любой проект от стадии замысла до его реализации техническими средствами, Выберу в процессе обучения', 'https://gb.ru/geek_university/developer', 'Информационные технологии', null, null, 'Junior');
INSERT INTO public."Program" (id, name, speciality, url, tag, days_amount, price, difficulty) VALUES (6104, 'Программирование и 3D-моделирование в Minecraft', ', Выберу в процессе обучения', 'https://gb.ru/courses/geek-school/minecraft-for-kids', 'Профессии для школьников', null, null, 'Junior');
INSERT INTO public."Program" (id, name, speciality, url, tag, days_amount, price, difficulty) VALUES (6156, 'Инженер-аналитик ', 'Инженер-аналитик — это специалист совмещающий в себе несколько ролей: системного аналитика, бизнес-аналитика и инженера. В его задачи входят исследование, проектирование, конструирование и разработка новых технологий на базе анализа данных о пользователях, бизнес-процессах и продуктах компании., Аналитика', 'https://gb.ru/geek_university/developer/analyst', 'Информационные технологии', null, null, 'Junior');
INSERT INTO public."Program" (id, name, speciality, url, tag, days_amount, price, difficulty) VALUES (6163, 'BI (Business Intelligence) аналитик ', 'BI-аналитик — это специалист, который использует данные и другую информацию, чтобы помочь организациям принимать обоснованные бизнес-решения. BI -аналитиков также могут попросить запрограммировать инструменты и модели данных, чтобы помочь сделать инфографику или создать инструменты, способные нормировать и контролировать данные., Аналитика', 'https://gb.ru/geek_university/developer/analyst/bi', 'Информационные технологии', null, null, 'Junior');
INSERT INTO public."Program" (id, name, speciality, url, tag, days_amount, price, difficulty) VALUES (6203, 'Продуктовый аналитик ', 'Продуктовый аналитик ищет возможности для улучшения и развития продукта: исследует поведение клиентов, проверяет гипотезы, оценивает эффективность изменений продукта, Аналитика', 'https://gb.ru/geek_university/developer/analyst/product', 'Информационные технологии', null, null, 'Junior');
INSERT INTO public."Program" (id, name, speciality, url, tag, days_amount, price, difficulty) VALUES (6247, 'Инженер-программист C++ ', 'Разработчик C++ создаёт программы, приложения, игры, операционные системы, драйверы и другое высоконагруженное программное обеспечение. Если вы хотите выжать максимум из любого «железа», программировать роботов, создать свою ОС, язык или другую мощную и жадную до ресурсов штуку — вам понадобится язык программирования С++, Программирование', 'https://gb.ru/geek_university/developer/programmer/cpp', 'Информационные технологии', null, null, 'Junior');
INSERT INTO public."Program" (id, name, speciality, url, tag, days_amount, price, difficulty) VALUES (6215, 'Разработчик приложений на Android', 'Разработчики на Android занимаются созданием и доработкой приложений и программ для данной операционной системы. Они создают интерфейс, программируют логику работы приложения, занимаются оптимизацией ресурсов, которые необходимы для работы программы, Программирование', 'https://gb.ru/geek_university/developer/programmer/android', 'Информационные технологии', null, null, 'Junior');
INSERT INTO public."Program" (id, name, speciality, url, tag, days_amount, price, difficulty) VALUES (6239, 'Инженер-программист ', 'Инженер-программист - это человек, который применяет принципы программной инженерии для проектирования, разработки, обслуживания, тестирования и оценки компьютерного программного обеспечения. Эта профессия подразумевает сочетание должностных обязанностей двух специальностей: программиста и инженера. Таким образом, инженер-программист является своего рода универсалом, объединяющим умения и навыки этих двух областей., Программирование', 'https://gb.ru/geek_university/developer/programmer', 'Информационные технологии', null, null, 'Junior');
INSERT INTO public."Program" (id, name, speciality, url, tag, days_amount, price, difficulty) VALUES (6302, 'Инженер по тестированию', 'QA-тестировщик или инженер по тестированию — это специалист, который создаёт сценарии тестирования, прогнозирует и находит ошибки в IT продуктах. Таким специалистам важно разбираться в бизнес-процессах и досконально знать продукт, чтобы сохранять баланс между интересами пользователей, целями менеджмента компании и возможностями команды разработки., Тестирование', 'https://gb.ru/geek_university/developer/qa-engineer', 'Информационные технологии', null, null, 'Junior');
INSERT INTO public."Program" (id, name, speciality, url, tag, days_amount, price, difficulty) VALUES (5880, 'Программирование на Python в Minecraft: углублённый курс', ', Разработка игр', 'http://gb.ru/courses/geek-school/minecraft-python', 'Профессии для школьников', null, null, 'Junior');
INSERT INTO public."Program" (id, name, speciality, url, tag, days_amount, price, difficulty) VALUES (6304, 'Инженер по тестированию Мастер', 'QA-тестировщик или инженер по тестированию — это специалист, который создаёт сценарии тестирования, прогнозирует и находит ошибки в IT продуктах. Таким специалистам важно разбираться в бизнес-процессах и досконально знать продукт, чтобы сохранять баланс между интересами пользователей, целями менеджмента компании и возможностями команды разработки., Тестирование', 'https://gb.ru/geek_university/developer/qa-engineer/master', 'Информационные технологии', null, null, 'Middle');
INSERT INTO public."Program" (id, name, speciality, url, tag, days_amount, price, difficulty) VALUES (6261, 'Frontend-разработчик Мастер', 'Frontend-разработчик отвечает за внешний вид сайта или мобильного приложения: он верстает шаблоны, красиво оформляет текст и изображения, улучшает взаимодействие пользователя с интерфейсом. Без frontend-разработчика не получится создать удобный цифровой продукт., Программирование', 'https://gb.ru/geek_university/developer/programmer/frontend/master', 'Информационные технологии', null, null, 'Middle');
INSERT INTO public."Program" (id, name, speciality, url, tag, days_amount, price, difficulty) VALUES (6265, 'Fullstack-разработчик', 'Fullstack-разработчики — универсальные программисты, которые разрабатывают и серверную, и клиентскую часть проекта. Эти специалисты очень востребованы, так как могут заменить программистов разного профиля. Fullstack-разработчики владеют широким стеком технологий, поэтому могут создать веб-проект в одиночку, Программирование', 'https://gb.ru/geek_university/developer/programmer/fullstack', 'Информационные технологии', null, null, 'Junior');
INSERT INTO public."Program" (id, name, speciality, url, tag, days_amount, price, difficulty) VALUES (6277, 'Программист Java Мастер', 'Java-разработчик занимается разработкой высоконагруженных систем, веб-сервисов, банковских и корпоративных приложений, которыми пользуются люди по всему миру, Программирование', 'https://gb.ru/geek_university/developer/programmer/java/master', 'Информационные технологии', null, null, 'Middle');
INSERT INTO public."Program" (id, name, speciality, url, tag, days_amount, price, difficulty) VALUES (6292, 'Инженер-программист Python Мастер', 'Python является самым популярным языком программирования из-за своей простоты и универсальности. Его используют не только для разработки веб-приложений и сервисов, но и для автоматизации, тестирования, анализа данных и машинного обучения. На Python написано множество библиотек для нейросетей и много другого., Программирование', 'https://gb.ru/geek_university/developer/programmer/python/master', 'Информационные технологии', null, null, 'Middle');
INSERT INTO public."Program" (id, name, speciality, url, tag, days_amount, price, difficulty) VALUES (6340, 'ИТ-инженер Data Science Мастер', 'Data Scientist анализирует большой объём данных, прогнозирует события и помогает находить неочевидные закономерности. С помощью машинного обучения он может ставить диагнозы, обнаруживать болезни и персонализировать лечение., Выберу в процессе обучения', 'https://gb.ru/geek_university/engineer/datascience', 'Информационные технологии', null, null, 'Middle');
INSERT INTO public."Program" (id, name, speciality, url, tag, days_amount, price, difficulty) VALUES (6411, 'Бренд-менеджер', 'Бренд-менеджер - это специалист, который формирует образ товара или компании. Он создаёт позиционирование и УТП бренда, выстраивает стратегию его развития и продвижения на рынке, а также формирует узнаваемость бренда и лояльность к нему среди потребителей. Для этого он проводит репутационный аудит, использует анализ рынка, конкурентов и целевой аудитории, различные каналы продвижения бренда, Tone of Voice, инструменты Digital PR и новых медиа. Бренд-менеджер управляет репутацией бренда и формирует стратегию ее развития., Бренд-менеджмент', 'https://gb.ru/geek_university/marketing/brand', 'Маркетинг', null, null, 'Junior');
INSERT INTO public."Program" (id, name, speciality, url, tag, days_amount, price, difficulty) VALUES (6498, 'Графический дизайнер Мастер', 'Графический дизайнер — это специалист, который разрабатывает элементы графики и изображений, оформляет веб-ресурсы, создает фирменные стили брендов и другую визуальную продукцию. Это могут быть брендбуки, презентации, каталоги, логотипы, визитки. Для работы он использует графические редакторы и свои навыки: понимание композиции, колористики, типографики., Графический дизайн', 'https://gb.ru/geek_university/design/graphic/master', 'Дизайн', null, null, 'Middle');
INSERT INTO public."Program" (id, name, speciality, url, tag, days_amount, price, difficulty) VALUES (6496, 'Графический дизайнер', 'Графический дизайнер оформляет и передает информацию так,  чтобы заинтересовать потребителя, вызвать у него определенные эмоции или объяснить ему что-то важное. Такой информацией могут быть книги, журналы, отчеты и другие публикации, упаковка продуктов, оформление социальных сетей, графика для рекламы, логотипы  и фирменные стили для компаний и многое другое. Все это графический дизайнер создает с помощью компьютерных программ и различных средств выразительности: текста и изображений, сочетаний цветов  и фигур, композиционных и стилистических приемов., Графический дизайн', 'https://gb.ru/geek_university/design/graphic-gb', 'Дизайн', null, null, 'Junior');
INSERT INTO public."Program" (id, name, speciality, url, tag, days_amount, price, difficulty) VALUES (5876, 'Веб-разработка: углублённый курс', ', Программирование', 'https://gb.ru/courses/geek-school/website-development', 'Профессии для школьников', null, null, 'Junior');
INSERT INTO public."Program" (id, name, speciality, url, tag, days_amount, price, difficulty) VALUES (6506, 'Цифровой дизайнер Мастер', 'Цифровой дизайнер, он же веб-дизайнер, придумывает и проектирует интерфейсы для сайтов и веб-приложений так, чтобы они были удобными для пользователя и эффективно решали бизнес-задачи. Он креативен, на «ты» с инструментами дизайна, а также знает основы верстки и умеет работать с аналитикой., Цифровой дизайн', 'https://gb.ru/geek_university/design/digital/master', 'Дизайн', null, null, 'Middle');
INSERT INTO public."Program" (id, name, speciality, url, tag, days_amount, price, difficulty) VALUES (6504, 'Цифровой дизайнер', 'Цифровой дизайнер создает визуальные активы для мультимедийных проектов: веб-сайтов, мобильных приложений, рекламы, анимации, социальных сетей, видеоигр, интерактивных дисплеев и многих других — уже существующих или только задуманных.   Для этого цифровой дизайнер работает в компьютерных программах, разбирается в особенностях разных платформ и пользуется теми же средствами выразительности, что и графический дизайнер: композицией, цветом, визуальными образами., Цифровой дизайн', 'https://gb.ru/geek_university/design/digital', 'Дизайн', null, null, 'Junior');
INSERT INTO public."Program" (id, name, speciality, url, tag, days_amount, price, difficulty) VALUES (6500, 'Дизайнер интерьеров', 'Дизайнер среды — специалист, который трансформирует жилые и общественные пространства. Он умеет сочетать эстетику с эргономичностью и может спроектировать единое композиционное решение, которое отвечает запросам заказчика и требованиям функциональности., Дизайн среды', 'https://gb.ru/geek_university/design/interior-spec-gb', 'Дизайн', null, null, 'Junior');
INSERT INTO public."Program" (id, name, speciality, url, tag, days_amount, price, difficulty) VALUES (5579, 'Углублённый курс по анимации', ', Цифровое творчество', 'https://gb.ru/courses/geek-school/animation-pro', 'Профессии для школьников', null, null, 'Junior');
INSERT INTO public."Program" (id, name, speciality, url, tag, days_amount, price, difficulty) VALUES (6475, 'Дизайнер', 'Дизайнер — это специалист в области разработки визуального оформления контента. Он предлагает заказчику несколько вариантов дизайна, которые максимально быстро и просто решают проблему клиента. Его работа обязательно включает в себя постановку цели, исследование целевой аудитории, создание объектов и продажу своего проекта. В дизайне много направлений и инструментов для создания различных проектов: от лендинга или логотипа до городской улицы или космического корабля., Выберу в процессе обучения', 'https://gb.ru/geek_university/design', 'Дизайн', null, null, 'Junior');
INSERT INTO public."Program" (id, name, speciality, url, tag, days_amount, price, difficulty) VALUES (6397, 'Digital-маркетолог Специалист', 'Digital-маркетолог -  это профессионал в области взаимодействия бизнеса и клиента, который продвигает товары, услуги, бренды с помощью цифровых технологий. Для этого он использует SEO-продвижение, контекстную рекламу, Email-маркетинг, SMM, технологии работы с брендом, аналитику и стратегию. Digital-маркетолог делает возможным привлечение аудитории из цифрового пространства., Выберу в процессе обучения', 'https://gb.ru/geek_university/marketing/digital/specialist', 'Маркетинг', null, null, 'Junior');
INSERT INTO public."Program" (id, name, speciality, url, tag, days_amount, price, difficulty) VALUES (6401, 'Интернет-маркетолог', 'Интернет-маркетолог - это специалист, который продвигает бизнес онлайн с помощью стека цифровых технологий. Инструменты интернет-маркетолога - SEO-продвижение, контекстная реклама, email-маркетинг, SMM. В процессе работы интернет-маркетолог анализирует статистику при помощи веб-сервисов и корректирует стратегию продвижения бизнеса., Интернет-маркетинг', 'https://gb.ru/geek_university/marketing/internet-gb', 'Маркетинг', null, null, 'Junior');
INSERT INTO public."Program" (id, name, speciality, url, tag, days_amount, price, difficulty) VALUES (6416, 'Редактор', 'Редактор — это специалист, который создает текстовый материал. Инструменты редактора — контент-маркетинг, email-маркетинг, видеомаркетинг. В процессе работы редактор создает визуальную архитектуру контента в социальных сетях, оформляет ТЗ верстальщикам и дизайнерам или берет дело в свои руки., Интернет-маркетинг', 'https://gb.ru/geek_university/marketing/copywriter', 'Маркетинг', null, null, 'Junior');
INSERT INTO public."Program" (id, name, speciality, url, tag, days_amount, price, difficulty) VALUES (6424, 'SEO-специалист', 'SEO-специалист продвигает бизнес онлайн в поисковых системах. Он использует инструменты поискового продвижения, проводит внутреннюю и внешнюю оптимизацию сайта, оптимизирует и анализирует трафик, обеспечивает поток качественных лидов. SEO-специалист использует сервисы веб-аналитики и корректирует стратегию продвижения бизнеса онлайн., Интернет-маркетинг', 'https://gb.ru/geek_university/marketing/seo', 'Маркетинг', null, null, 'Junior');
INSERT INTO public."Program" (id, name, speciality, url, tag, days_amount, price, difficulty) VALUES (6406, 'Продуктовый маркетолог', 'Продакт-маркетолог — профессионал в области формулирования цифровых продуктов и вывода их на рынок средствами бизнеса и маркетинга. Профессия объединяет функционал менеджера продукта и маркетолога для получения результата — жизнеспособный и востребованный продукт на рынке. Специалисты используют управленческие инструменты: формулирование гипотез, налаживание взаимодействия и между разработчиками продукта и бизнесом. Строят маркетинговую стратегию вывода на рынок, занимаются аналитикой, адаптацией и развитием бизнеса под запросы рынка., Продуктовый маркетинг', 'https://gb.ru/geek_university/marketing/product', 'Маркетинг', null, null, 'Junior');
INSERT INTO public."Program" (id, name, speciality, url, tag, days_amount, price, difficulty) VALUES (6420, 'SMM-менеджер', 'SMM-менеджер — это специалист, который продвигает проекты и бренды в соцсетях. Он создает тексты, подбирает изображения и видео для постов, формирует контент-план и может разработать SMM-стратегию с нуля. В процессе работы SMM-менеджер анализирует эффективность создаваемого контента и обратную связь., Интернет-маркетинг', 'https://gb.ru/geek_university/marketing/smm-management', 'Маркетинг', null, null, 'Junior');
INSERT INTO public."Program" (id, name, speciality, url, tag, days_amount, price, difficulty) VALUES (6466, 'Perfomance менеджер', 'Performance-менеджер — это специалист, который продвигает бизнес на рынок по платным каналам. Инструменты performance-менеджера — это контекстная реклама, платный поиск и программатик-системы. В процессе работы он создает стратегию продвижения в платных поисковых каналах, анализирует данные рекламных кампаний и оптимизирует их бюджеты., Продуктовый маркетинг', 'https://gb.ru/geek_university/marketing/performance-manager', 'Маркетинг', null, null, 'Junior');
INSERT INTO public."Program" (id, name, speciality, url, tag, days_amount, price, difficulty) VALUES (6428, 'Таргетолог', 'Таргетолог — это один из ключевых специалистов в команде маркетинга. Он приводит на сайт компании пользователей, заинтересованных в покупке. Инструменты таргетолога — рекламный кабинет VК, TikTok, «Дзен», Яндекс.Метрика. В процессе работы он изучает и сегментирует целевую аудиторию, запускает рекламные кампании и анализирует их эффективность., Интернет-маркетинг', 'https://gb.ru/geek_university/marketing/targeting', 'Маркетинг', null, null, 'Junior');
INSERT INTO public."Program" (id, name, speciality, url, tag, days_amount, price, difficulty) VALUES (6432, 'Специалист по работе с маркетплейсами', 'Менеджер по работе с маркетплейсами — это специалист, который продвигает товары на маркетплейсах при помощи встроенных инструментов и маркетинговых технологий. Его инструменты — личный кабинет маркетплейса, визуальные редакторы и сервисы подбора ключевых слов. В процессе работы он составляет перечень товаров и ассортиментную матрицу, выбирает наиболее выгодный товар, рассчитывает оптимальную цену и продумывает скидочную политику., Интернет-маркетинг', 'https://gb.ru/geek_university/marketing/e-commerce', 'Маркетинг', null, null, 'Junior');
INSERT INTO public."Program" (id, name, speciality, url, tag, days_amount, price, difficulty) VALUES (6644, 'Дата-сайентист в медицине Мастер', 'Data Scientist анализирует большой объём данных, прогнозирует события и помогает находить неочевидные закономерности. С помощью машинного обучения он создает инструменты для постановки диагнозов, обнаружения болезней и персонализации лечения., Выберу в процессе обучения', 'https://gb.ru/geek_university/developer/analyst/data-science-medicine', 'Информационные технологии', null, null, 'Middle');
INSERT INTO public."Program" (id, name, speciality, url, tag, days_amount, price, difficulty) VALUES (6648, 'Сетевой инженер ', 'Инженер по сетевым коммуникациям востребован в компаниях с развитой IT-инфраструктурой: это провайдеры, мобильные операторы, банки, больницы, заводы и аэропорты. Сетевой инженер создаёт и обслуживает внутренние сети компании, следит за устойчивой работой, правильной конфигурацией и защищённостью сетей., Архитектура', 'https://gb.ru/geek_university/developer/architecture/network-engineer', 'Информационные технологии', null, null, 'Junior');
INSERT INTO public."Program" (id, name, speciality, url, tag, days_amount, price, difficulty) VALUES (6652, 'DevOps-инженер Мастер', 'DevOps-инженеры контролируют все этапы создания продукта: от написания кода до релиза. Помогают отделам разработки и администрирования, синхронизируют их усилия и автоматизируют технические процессы. За два года спрос на этих специалистов вырос на 70%. Мы поможем стать DevOps-инженером с нуля и найдём вам работу, Архитектура', 'https://gb.ru/geek_university/developer/architecture/devops', 'Информационные технологии', null, null, 'Middle');
INSERT INTO public."Program" (id, name, speciality, url, tag, days_amount, price, difficulty) VALUES (6656, 'Системный и бизнес аналитик', 'Системный аналитик помогает оптимизировать и автоматизировать работу компании и её подразделений. Этот специалист разбирается в менеджменте, экономике и информационных технологиях и помогает скоординировать процесс разработки ПО так, чтобы результат был максимально полезен для бизнеса, Аналитика', 'https://gb.ru/geek_university/developer/analyst/system-business', 'Информационные технологии', null, null, 'Junior');
INSERT INTO public."Program" (id, name, speciality, url, tag, days_amount, price, difficulty) VALUES (6524, 'Ландшафтный дизайнер', 'Ландшафтный дизайн — это визуальный язык, позволяющий работать с природными средствами. Ландшафтный дизайнер сочетает три аспекта (архитектуру, ботанику и философию) в зависимости от того, как будет использоваться территория, которую он облагораживает., Дизайн среды', 'https://gb.ru/geek_university/design/landscape', 'Дизайн', null, null, 'Junior');
INSERT INTO public."Program" (id, name, speciality, url, tag, days_amount, price, difficulty) VALUES (6540, 'UX/UI дизайнер Мастер', 'UX/UI-дизайнер проектирует взаимодействие пользователя с сайтом, приложением или сервисом. Он создаёт визуальные элементы, систему и прототип интуитивно понятного интерфейса., Цифровой дизайн', 'https://gb.ru/geek_university/design/interface', 'Дизайн', null, null, 'Middle');
INSERT INTO public."Program" (id, name, speciality, url, tag, days_amount, price, difficulty) VALUES (5873, 'Веб-дизайн: углублённый курс', ', Цифровое творчество', 'https://gb.ru/courses/geek-school/web-design', 'Профессии для школьников', null, null, 'Junior');
INSERT INTO public."Program" (id, name, speciality, url, tag, days_amount, price, difficulty) VALUES (5878, 'Кибербезопасность и приложения на Python', ', Выберу в процессе обучения', 'https://gb.ru/courses/geek-school/python-security', 'Профессии для школьников', null, null, 'Junior');
INSERT INTO public."Program" (id, name, speciality, url, tag, days_amount, price, difficulty) VALUES (6783, e'1С-разработчик	', 'Программист 1С (или 1С разработчик) – профессия на стыке программирования, бухгалтерского учета и менеджмента. Программисты 1С занимаются установкой, настройкой и доработкой бухгалтерских программ семейства 1С, ERP-систем семейства 1С-Предприятие и других продуктов фирмы 1С, Программирование', 'https://gb.ru/geek_university/developer/programmer/1c-developer', 'Информационные технологии', null, null, 'Junior');
INSERT INTO public."Program" (id, name, speciality, url, tag, days_amount, price, difficulty) VALUES (6794, 'Информационная безопасность', 'Специалист по информационной безопасности — это профессионал, который обеспечивает конфиденциальность любой информации, касающейся как самой компании, так и её сотрудников. Также этот человек предотвращает любые утечки информации и минимизирует угрозы информационным системам компании., Информационная безопасность (смешанная)', 'https://gb.ru/geek_university/developer/qa-engineer/security', 'Информационные технологии', null, null, 'Junior');
INSERT INTO public."Program" (id, name, speciality, url, tag, days_amount, price, difficulty) VALUES (6870, 'Разработчик для школьников', 'Разработчик — это максимально общее название специалистов, которые связаны с разработкой нового программного обеспечения, сайтов, платформ, экосистем, баз данных, технологических устройств и архитектуры. Они действуют в рамках своей роли в команде, но в целом способны сделать любой проект от стадии замысла до его реализации техническими средствами, Выберу в процессе обучения', 'https://gb.ru/geek_university/developer/obuchenie-it-dlya-shkolnikov', 'Профессии для школьников', null, null, 'Junior');
INSERT INTO public."Program" (id, name, speciality, url, tag, days_amount, price, difficulty) VALUES (5793, 'Компьютерная графика', ', Не определена', 'https://gb.ru/courses/geek-school/grafika', 'Профессии для школьников', null, null, 'Junior');
INSERT INTO public."Program" (id, name, speciality, url, tag, days_amount, price, difficulty) VALUES (7267, 'Java-разработчик. Специалист', 'Java-разработчик занимается разработкой высоконагруженных систем, веб-сервисов, банковских и корпоративных приложений, которыми пользуются люди по всему миру, Программирование', 'https://gb.ru/geek_university/developer/programmer/java-gb', 'Информационные технологии', null, null, 'Junior');
INSERT INTO public."Program" (id, name, speciality, url, tag, days_amount, price, difficulty) VALUES (7283, e'iOS-разработчик. Специалист	', 'Инженеры-программисты iOS - это разработчики, которые занимаются созданием и доработкой приложений и программ для данной операционной системы. Они создают интерфейс, программируют логику работы приложения, занимаются оптимизацией ресурсов, которые необходимы для работы программы., Программирование', 'https://gb.ru/geek_university/developer/programmer/ios', 'Информационные технологии', null, null, 'Junior');
INSERT INTO public."Program" (id, name, speciality, url, tag, days_amount, price, difficulty) VALUES (7287, 'Финансовый аналитик. Специалист', 'Финансовый аналитик — это специалист, который изучает финансовые данные и используют свои выводы, чтобы помочь компаниям принимать бизнес-решения. Финансовые аналитики  исследуют макро- и микроэкономические условия наряду с фундаментальными показателями компании, чтобы делать прогнозы относительно бизнеса, секторов и отраслей., Аналитика', 'https://gb.ru/geek_university/developer/analyst/finance', 'Информационные технологии', null, null, 'Junior');
INSERT INTO public."Program" (id, name, speciality, url, tag, days_amount, price, difficulty) VALUES (7295, 'Data Science. Специалист', 'Data Scientist анализирует большой объём данных, прогнозирует события и помогает находить неочевидные закономерности. С помощью машинного обучения он может ставить диагнозы, обнаруживать болезни и персонализировать лечение., Аналитика', 'https://gb.ru/geek_university/developer/analyst/data-science-gb', 'Информационные технологии', null, null, 'Junior');
INSERT INTO public."Program" (id, name, speciality, url, tag, days_amount, price, difficulty) VALUES (7323, e'Аналитик данных. Специалист	', 'Аналитик помогает оптимизировать и автоматизировать работу компании и её подразделений. Этот специалист разбирается в менеджменте, экономике и информационных технологиях и помогает скоординировать процесс разработки ПО так, чтобы результат был максимально полезен для бизнеса, Аналитика', 'https://gb.ru/geek_university/it-specialist/analyst', 'Информационные технологии', null, null, 'Junior');
INSERT INTO public."Program" (id, name, speciality, url, tag, days_amount, price, difficulty) VALUES (7325, e'Frontend-разработчик. Специалист	', 'Frontend-разработчик отвечает за внешний вид сайта или мобильного приложения: он верстает шаблоны, красиво оформляет текст и изображения, улучшает взаимодействие пользователя с интерфейсом. Без frontend-разработчика не получится создать удобный цифровой продукт., Программирование', 'https://gb.ru/geek_university/developer/programmer/frontend-gb', 'Информационные технологии', null, null, 'Junior');
INSERT INTO public."Program" (id, name, speciality, url, tag, days_amount, price, difficulty) VALUES (7339, e'Бизнес-аналитик. Специалист	', 'Бизнес-аналитик ищет способы оптимизации и роста бизнеса. Он анализирует рынок, определяет конкурентов, изучает потребности клиентов, что помогает компании формировать стратегию развития., Аналитика', 'https://gb.ru/geek_university/developer/analyst/business-gb', 'Информационные технологии', null, null, 'Junior');
INSERT INTO public."Program" (id, name, speciality, url, tag, days_amount, price, difficulty) VALUES (7347, 'Кибернетика умных устройств. Специалист', 'Кибернетика умных устройств ― это создание техники, роботов, и систем, которые реагируют на внешние факторы и управляются через интернет. Например, умные часы и колонки, медицинская техника и системы управления ядерными реакторами.  Инженер-кибернетик умных устройств занимается сборкой, программированием и тестированием систем, которые могут самостоятельно собирать данные с датчиков и включать или выключать любое электронное устройство., Программирование', 'https://gb.ru/geek_university/developer/programmer/internet-of-things', 'Информационные технологии', null, null, 'Junior');
INSERT INTO public."Program" (id, name, speciality, url, tag, days_amount, price, difficulty) VALUES (7355, 'Разработчик C#. Специалист', 'C# (C Sharp) — объектно-ориентированный язык программирования, лежит в основе платформы .NETFramework. Программист C# может создавать различные программы и приложения: мобильные и настольные приложения, облачные, Программирование', 'https://gb.ru/geek_university/developer/programmer/csharp', 'Информационные технологии', null, null, 'Junior');
INSERT INTO public."Program" (id, name, speciality, url, tag, days_amount, price, difficulty) VALUES (7404, 'Ручной тестировщик. Специалист', 'QA-тестировщик — это специалист, который создаёт сценарии тестирования, прогнозирует и находит ошибки в IT продуктах. Таким специалистам важно разбираться в бизнес-процессах и досконально знать продукт, чтобы сохранять баланс между интересами пользователей, целями менеджмента компании и возможностями команды разработки. Инженер по ручному тестированию самостоятельно реализует сценарии тестирования, а не пишет для этого проверочный программный код., Тестирование', 'https://gb.ru/geek_university/it-specialist/qa', 'Информационные технологии', null, null, 'Junior');
INSERT INTO public."Program" (id, name, speciality, url, tag, days_amount, price, difficulty) VALUES (7426, 'Backend-разработчик. Специалист', 'Backend-разработчики отвечают за невидимую для глаз пользователей серверную часть платформ и программных продуктов. Они создают внутренние процессы сайтов и приложений, выстраивают обмен данными, подбирают системы для хранения и управления информацией, обеспечивают максимум производительности при минимуме сбоев., Программирование', 'https://gb.ru/geek_university/developer/programmer/backend', 'Информационные технологии', null, null, 'Junior');
INSERT INTO public."Program" (id, name, speciality, url, tag, days_amount, price, difficulty) VALUES (7414, 'Системный аналитик. Специалист', 'Системный аналитик помогает оптимизировать и автоматизировать работу компании и её подразделений. Этот специалист разбирается в менеджменте, экономике и информационных технологиях и помогает скоординировать процесс разработки ПО так, чтобы результат был максимально полезен для бизнеса, Аналитика', 'https://gb.ru/geek_university/developer/analyst/systems', 'Информационные технологии', null, null, 'Junior');
INSERT INTO public."Program" (id, name, speciality, url, tag, days_amount, price, difficulty) VALUES (7596, 'Искусственный интеллект. Специалист', 'Специалист по искусственному интеллекту — актуальная и востребованная профессия, особенно в медицине, финансах, производстве и технологиях. Он занимается созданием компьютерных систем, которые самостоятельно обрабатывают большие объемы данных и могут принять решение на основе анализа этих данных. Например, такие специалисты создали ChatGPT, Midjourney и другие популярные нейросети., Программирование', 'https://gb.ru/geek_university/developer/programmer/ai-spec', 'Информационные технологии', null, null, 'Junior');
INSERT INTO public."Program" (id, name, speciality, url, tag, days_amount, price, difficulty) VALUES (7598, 'Data Science в медицине. Специалист', 'Data Science в медицине занимается анализом больших объемов данных медицинских исследований и клинической практики. Он использует методы машинного обучения и статистического анализа, чтобы найти закономерности, которые помогают врачам диагностировать и лечить заболевания. Это очень высокооплачиваемая и перспективная профессия, так как работа специалиста по Data Science помогает врачам принимать решения и улучшать качество медицинской помощи., Аналитика', 'https://gb.ru/geek_university/developer/analyst/data-science-medicine-spec', 'Информационные технологии', null, null, 'Junior');
INSERT INTO public."Program" (id, name, speciality, url, tag, days_amount, price, difficulty) VALUES (7599, 'Веб-дизайнер. Специалист', 'Веб-дизайнер занимается созданием красивого внешнего вида сайтов и разработкой удобного интерфейса для пользователей. Он выбирает цвета, шрифты, картинки и другие элементы, чтобы сайт был привлекательным и хорошо выглядел на разных устройствах. Это востребованная профессия, так как веб-дизайнеры помогают бизнесу привлечь и удержать пользователей на своем сайте, а это влияет на прибыль., Выберу в процессе обучения', 'https://gb.ru/geek_university/design/web-spec-gb', 'Дизайн', null, null, 'Junior');
INSERT INTO public."Program" (id, name, speciality, url, tag, days_amount, price, difficulty) VALUES (8686, 'Концепт-художник', 'Концепт-художник создает визуализации идей для разных проектов: от авторского кино и инди-комиксов до ААА-игр. Его задача — сделать первые эскизы персонажей, окружения, предметов, создать единый стиль проекта и отрисовать необходимые элементы. На старте проекта эти концепции помогут привлечь инвестиции, а в дизайне и разработке — четко отразить идею и настроение., Не определена', 'https://gb.ru/geek_university/design/concept-artist-gb', 'Игры', null, null, 'Junior');
INSERT INTO public."Program" (id, name, speciality, url, tag, days_amount, price, difficulty) VALUES (7600, 'Моушн-дизайнер. Специалист', 'Моушн-дизайнер создает анимацию для рекламы, музыкальных клипов, игр и фильмов. Он использует Premiere Pro, After Effects, Cinema 4D и другие программы, чтобы создать анимацию, работает с компьютерной графикой и продумывает сюжеты. Это востребованная и высокооплачиваемая профессия, так как помогает бизнесу привлечь больше внимания к продуктам и услугам, увеличить узнаваемость бренда и повысить прибыль., Выберу в процессе обучения', 'https://gb.ru/geek_university/design/motion-spec-gb', 'Дизайн', null, null, 'Junior');
INSERT INTO public."Program" (id, name, speciality, url, tag, days_amount, price, difficulty) VALUES (7601, 'Fullstack-дизайнер. Специалист', 'Fullstack-дизайнер создает сайты и приложения. Он рисует картинки, готовит дизайн интерфейса и объектов, а также сам верстает и настраивает страницу. В своей работе чаще всего использует HTML, CSS, JavaScript, Photoshop, Figma. Это востребованная и высокооплачиваемая профессия. Главная цель Fullstack-дизайнера — сделать продукт максимально удобным и понятным для пользователей, чтобы принести прибыль бизнесу., Выберу в процессе обучения', 'https://gb.ru/geek_university/design/fullstack-spec', 'Дизайн', null, null, 'Junior');
INSERT INTO public."Program" (id, name, speciality, url, tag, days_amount, price, difficulty) VALUES (7603, 'Дизайнер интерфейсов (UX/UI). Специалист', 'UX/UI-дизайнер занимается созданием удобного и красивого интерфейса для сайтов, приложений и программ. Это востребованная и высокооплачиваемая профессия. Дизайнер интерфейсов помогает увеличивать прибыль бизнеса, за счет внедрения продуктов, которые отвечают запросам пользователя., Выберу в процессе обучения', 'https://gb.ru/geek_university/design/interface-spec', 'Дизайн', null, null, 'Junior');
INSERT INTO public."Program" (id, name, speciality, url, tag, days_amount, price, difficulty) VALUES (7614, 'Гейм-дизайнер. Специалист', 'Гейм-дизайнер создает игровые механики, уровни, персонажей и сюжеты. Он придумывает, как будет проходить игра, какие будут цели и задачи игроков, и как сделать игру интересной и увлекательной. Гейм-дизайнер работает с художниками, программистами и звукорежиссерами в одной команде. Это очень перспективная профессия, так как рынок игр продолжает расти, а бизнес в чаще внедряет игровые механики в свои продукты., Выберу в процессе обучения', 'https://gb.ru/geek_university/design/game-design-spec', 'Дизайн', null, null, 'Junior');
INSERT INTO public."Program" (id, name, speciality, url, tag, days_amount, price, difficulty) VALUES (7615, '3D моделирование. Специалист', 'Специалист по 3D-моделированию создает трехмерные модели объектов с помощью специальной программы 3Ds Max. Это высокооплачиваемая и востребованная профессия. Такие специалисты создают модели для архитектурного проектирования промышленного дизайна., Выберу в процессе обучения', 'https://gb.ru/geek_university/design/3d-spec', 'Дизайн', null, null, 'Junior');
INSERT INTO public."Program" (id, name, speciality, url, tag, days_amount, price, difficulty) VALUES (7617, 'Таргетолог. Специалист', 'Таргетолог настраивает рекламу в интернете. Он определяет, кому и в каком месте нужно показывать рекламу. Таргетолог изучает, как пользователи ведут себя в интернете, что им интересно и что им нужно. На основе этого он создает рекламные объявления, которые будут наиболее эффективны для целевой аудитории. Это востребованная и высокооплачиваемая профессия, так как помогает бизнесу получать новых клиентов и увеличивать продажи., Выберу в процессе обучения', 'https://gb.ru/geek_university/marketing/targeting-spec', 'Маркетинг', null, null, 'Junior');
INSERT INTO public."Program" (id, name, speciality, url, tag, days_amount, price, difficulty) VALUES (7618, 'SMM-менеджер. Специалист', 'SMM-менеджер — занимается продвижением бренда или продукта в социальных сетях. Он создает крутой контент, запускает рекламные кампании, анализирует результаты и общается с аудиторией. Главная цель — сделать бренд популярным и привлечь новых клиентов через социальные сети. SMM-менеджер очень популярная и востребованная профессия, так как с ростом клиентов увеличивается прибыль бизнеса., Выберу в процессе обучения', 'https://gb.ru/geek_university/marketing/smm-management-spec', 'Маркетинг', null, null, 'Junior');
INSERT INTO public."Program" (id, name, speciality, url, tag, days_amount, price, difficulty) VALUES (7605, 'Ландшафтный дизайнер. Специалист', 'Ландшафтный дизайнер занимается созданием красивых садов, парков и других зеленых зон. Он придумывает, как будет выглядеть территория, подбирает растения, камни и другие элементы декора. В своей работе он также учитывает климат и экологические особенности местности. Это творческая и высокооплачиваемая профессия, которая становится популярной не только у частных лиц, но и у компаний., Выберу в процессе обучения', 'https://gb.ru/geek_university/design/landscape-spec-gb', 'Дизайн', null, null, 'Junior');
INSERT INTO public."Program" (id, name, speciality, url, tag, days_amount, price, difficulty) VALUES (7606, 'Android-разработчик. Специалист', 'Android-разработчик — перспективная профессия, которая связана с разработкой приложений для мобильных устройств на андройде. Он использует языки программирования Java и Kotlin, фреймворки и другие инструменты, чтобы создавать функциональные и удобные в использовании приложения. Например, такие специалисты могут создавать игры, соцсети или интернет-магазины., Программирование', 'https://gb.ru/geek_university/developer/programmer/android-spec', 'Информационные технологии', null, null, 'Junior');
INSERT INTO public."Program" (id, name, speciality, url, tag, days_amount, price, difficulty) VALUES (7613, 'Графический дизайнер. Специалист', 'Графический дизайнер создает логотипы, иллюстрации, рекламные материалы, разрабатывает дизайн презентаций и даже упаковки. В своей работе использует Photoshop, Illustartor, Figma, Blender, After Effects и другие программы. Это востребованная и высокооплачиваемая профессия, так как помогает бизнесу привлечь внимание, запомниться потенциальным клиентам и увеличить прибыль компании., Выберу в процессе обучения', 'https://gb.ru/geek_university/design/graphic-design-spec', 'Дизайн', null, null, 'Junior');
INSERT INTO public."Program" (id, name, speciality, url, tag, days_amount, price, difficulty) VALUES (7628, 'Разработчик С++. Специалист', 'Разработчик C++ создаёт программы, приложения, игры, операционные системы, драйверы и другое высоконагруженное программное обеспечение. Если вы хотите выжать максимум из любого «железа», программировать роботов, создать свою ОС, язык или другую мощную и жадную до ресурсов штуку — вам понадобится язык программирования С++, Программирование', 'https://gb.ru/geek_university/developer/programmer/cpp-spec-gb', 'Информационные технологии', null, null, 'Junior');
INSERT INTO public."Program" (id, name, speciality, url, tag, days_amount, price, difficulty) VALUES (7783, '1С-разработчик. Специалист', '1C-разработчик — востребованный специалист на рынке труда, который создает программное обеспечение для автоматизации и оптимизации бизнес-процессов в компаниях, настраивает отчеты и документы, разрабатывает интеграционные решения для обмена данными между разными системами. Для этого ему нужно знать программирование, базы данных и понимать, как работает бизнес. Все это вы с нуля сможете изучить на нашей программе обучения., Программирование', 'https://gb.ru/geek_university/developer/programmer/1c-spec-gb', 'Информационные технологии', null, null, 'Junior');
INSERT INTO public."Program" (id, name, speciality, url, tag, days_amount, price, difficulty) VALUES (7849, 'Data Engineer. Специалист', 'Искусственный интеллект — это система, которая имитирует человеческое мышление для выполнения задачи.ИТ-инженер занимается созданием и обучением системы, которая будет самостоятельно делать выводы и принимать решения. Для этого он прописывает алгоритмы действий, подгружает данные, на основании которых система обучается, и тестирует работу ИИ., Программирование', 'https://gb.ru/geek_university/developer/programmer/ai-engineer', 'Информационные технологии', null, null, 'Junior');
INSERT INTO public."Program" (id, name, speciality, url, tag, days_amount, price, difficulty) VALUES (7916, 'Проджект-менеджер в ИТ. Специалист. Смешанный формат', 'Проджект-менеджер отвечает за все этапы развития проекта проекта. Его главная задача — достигнуть целей проекта вовремя и удовлетворить потребности заказчика. Для этого он общается с заказчиком, формирует техническое задание и команду проекта, планирует ресурсы, определяет задачи и сроки, и следит за их выполнением. Это востребованная и высокооплачиваемая профессия, так как помогает бизнесу управлять проектами,  запускать их в срок, уменьшать затраты и увеличивать прибыль., Проектное управление', 'https://gb.ru/geek_university/developer/project-manager-gb', 'Управление', null, null, 'Junior');
INSERT INTO public."Program" (id, name, speciality, url, tag, days_amount, price, difficulty) VALUES (7918, 'Продакт-менеджер в ИТ. Специалист. Смешанный формат', 'Продакт-менеджер отвечает за все этапы создания продукта — от идеи до выпуска на рынок. Он должен понимать, что нужно клиентам, изучает рынок, разрабатывает стратегию и просчитывает unit-экономику продукта. Он координирует работу команд разработчиков, дизайнеров и маркетологов, отслеживает результаты продаж. Это востребованная и высокооплачиваемая профессия, так как помогает бизнесу создать продукт, который будет успешно продаваться и удовлетворять потребности клиентов., Продуктовое управление', 'https://gb.ru/geek_university/developer/product-manager-gb', 'Управление', null, null, 'Junior');
INSERT INTO public."Program" (id, name, speciality, url, tag, days_amount, price, difficulty) VALUES (7952, 'Нейрохищник', ', Не определена', 'https://gb.ru/s', 'Управление', null, null, 'Junior');
INSERT INTO public."Program" (id, name, speciality, url, tag, days_amount, price, difficulty) VALUES (8016, 'Программирование на Python для детей ', ', Не определена', 'https://gb.ru/courses/geek-school/python-pro', 'Профессии для школьников', null, null, 'Junior');
INSERT INTO public."Program" (id, name, speciality, url, tag, days_amount, price, difficulty) VALUES (8285, 'Контекстная реклама. Специалист', 'Специалист по контекстной рекламе продвигает товары и услуги в интернете. Он запускает рекламные кампании, задает и оптимизирует бюджет, анализирует результаты. Помогает создавать крутые рекламные креативы, цепляющие тексты и вовлекающие лендинги. Такой специалист может в разы увеличить прибыль бизнеса, поэтому профессия становится на рынке все более востребованной., Интернет-маркетинг', 'https://gb.ru/geek_university/marketing/context-spec', 'Маркетинг', null, null, 'Junior');
INSERT INTO public."Program" (id, name, speciality, url, tag, days_amount, price, difficulty) VALUES (8688, 'Разработчик Игр на Unity', 'Разработчик на Unity отвечает за создание игровых механик, уровней и оптимизацию игрового процесса. Он работает с языком программирования C# и визуальным редактором Unity Editor. На Unity создают игры для консолей, мобильных устройств и ПК., Программирование', 'https://gb.ru/geek_university/developer/programmer/unity-gb', 'Информационные технологии', null, null, 'Junior');
INSERT INTO public."Program" (id, name, speciality, url, tag, days_amount, price, difficulty) VALUES (8458, 'Трафик-менеджер. Специалист', 'Трафик-менеджер продвигает товары и услуги в интернете при помощи платных каналов привлечения. Он запускает рекламные кампании, задает и оптимизирует бюджет, анализирует результаты. В результате бизнес получает новых клиентов с минимальными затратами на рекламу. Трафик-менеджер создает крутые  креативы и цепляющие тексты. Такой специалист может в разы увеличить прибыль бизнеса, поэтому профессия востребована на рынке., Выберу в процессе обучения', 'https://gb.ru/geek_university/marketing/traffic-spec', 'Маркетинг', null, null, 'Junior');
INSERT INTO public."Program" (id, name, speciality, url, tag, days_amount, price, difficulty) VALUES (8539, 'Разработка игр на Unity для детей', ', Не определена', 'https://gb.ru/courses/geek-school/gamedev', 'Профессии для школьников', null, null, 'Junior');
INSERT INTO public."Program" (id, name, speciality, url, tag, days_amount, price, difficulty) VALUES (8615, 'Автоматизация тестирования на Python. Специалист', 'Инженер по автоматизации тестирования владеет инструментами и методами автоматической проверки программного обеспечения. Автоматизированные тесты помогают повысить скорость и качество разработки, поэтому инженер по автоматизированному тестированию востребован в любой IT-компании, Тестирование', 'https://gb.ru/geek_university/developer/qa-engineer/auto-gb', 'Информационные технологии', null, null, 'Junior');
INSERT INTO public."Program" (id, name, speciality, url, tag, days_amount, price, difficulty) VALUES (8635, '3D-дженералист', '3D-дженералист — специалист по компьютерной графике и анимации. Он работает с трехмерными моделями, анимацией, визуализацией и спецэффектами. 3D-дженералисты делают персонажей и окружение для игр, создают графику для фильмов, разрабатывают концепции для рекламы и медиа., Не определена', 'https://gb.ru/geek_university/games/3d-generalist-gb', 'Дизайн', null, null, 'Junior');
INSERT INTO public."Program" (id, name, speciality, url, tag, days_amount, price, difficulty) VALUES (8636, 'Геймдизайнер с нуля до PRO', 'Геймдизайнер — специалист, который создает игровые миры. Продумывает его механики, возможности и внешний вид. Геймдизайнер начинает с проработки идеи и основной концепции игрового мира, а затем продумывает детали и физику процессов. Благодаря таким специалистам тысячи инди-игр и студийных проектов стали культовыми., Выберу в процессе обучения', 'https://gb.ru/geek_university/games/game-designer-gb', 'Игры', null, null, 'Junior');
INSERT INTO public."Program" (id, name, speciality, url, tag, days_amount, price, difficulty) VALUES (8637, 'Режиссёр монтажа', 'Режиссер монтажа — профессионал, который объединяет отснятый материал в целостную картину. Благодаря его работе в кино, клипах, рекламе и других видео появляется единый сюжет, считывается настроение и посыл. Такой специалист может работать в студии или на телеканалах; сотрудничать с блогерами и музыкантами на фрилансе. Снимать собственное кино или другие произведения., Выберу в процессе обучения', 'https://gb.ru/geek_university/multimedia/film-editor-gb', 'Мультимедиа', null, null, 'Junior');
INSERT INTO public."Program" (id, name, speciality, url, tag, days_amount, price, difficulty) VALUES (8638, 'Коммерческий иллюстратор', 'Коммерческий иллюстратор создает визуальные образы для брендов — маскотов, рекламу, оформление продукта, айдентику. Он создает концепции, которые будут отражать идею бренда, станут запоминающейся ассоциацией и будут привлекать клиентов. Иллюстраторы работают в офисах и на фрилансе, в крупных компаниях и стартапах. Это профессия, в которой художник может творчески реализоваться и получать высокий доход за свои навыки и идеи., Не определена', 'https://gb.ru/geek_university/design/illustrator-gb', 'Дизайн', null, null, 'Junior');
INSERT INTO public."Program" (id, name, speciality, url, tag, days_amount, price, difficulty) VALUES (8639, 'Фотограф', 'Фотограф может работать в разных областях: снимать интерьеры, моделей, предметы, обстановку; может специализироваться на чем-то одном или миксовать форматы. Фотограф может брать заказы на фрилансе или работать в фотостудиях, издательствах, рекламных агентствах или на телевидении., Не определена', 'https://gb.ru/geek_university/design/photographer-gb', 'Дизайн', null, null, 'Junior');
INSERT INTO public."Program" (id, name, speciality, url, tag, days_amount, price, difficulty) VALUES (8680, 'Разработчик Игр на Unreal Engine', 'Разработчик на Unreal Engine отвечает за проектирование и разработку игровых механик, создание и оптимизацию игры. Для этого он работает с языком программирования С++ и нодовой системой Blueprints — визуализатором прототипа игры., Программирование', 'https://gb.ru/geek_university/developer/programmer/unrealengine-gb', 'Информационные технологии', null, null, 'Junior');
INSERT INTO public."Program" (id, name, speciality, url, tag, days_amount, price, difficulty) VALUES (8682, 'Сценарист', 'Сценарист создает сюжеты для кино, сериалов, игр и других медиа. Он продумывает истории и ее действующих лиц, прописывает действия и диалоги. Профессия сценариста требует творческого подхода, понимания структуры повествования и умения рассказывать истории так, чтобы они захватывали внимание., Не определена', 'https://gb.ru/geek_university/multimedia/screenwriter-gb', 'Мультимедиа', null, null, 'Junior');
INSERT INTO public."Program" (id, name, speciality, url, tag, days_amount, price, difficulty) VALUES (8684, '3D-художник', '3D-художник создает модели персонажей и предметов для игр, кино, рекламы и других медиа. Иногда специалистов привлекают для работы над проектами в строительстве, медицине, дизайне, архитектуре. 3D-художник передает характер, текстуры, цвет и образ., Не определена', 'https://gb.ru/geek_university/design/3d-artist-gb', 'Игры', null, null, 'Junior');
INSERT INTO public."Program" (id, name, speciality, url, tag, days_amount, price, difficulty) VALUES (8745, 'Менеджер по работе с маркетплейсами и e-commerce. Специалист', 'Менеджер по работе с маркетплейсами разрабатывает стратегию продаж товаров на Ozon, Wildberries и других маркетплейсах, проводит анализ рынка, контролирует качество и следит за тем, чтобы не было нарушений правил на торговых площадках. Он улучшает описания товаров, управление ценами и акциями, а также общается с партнерами и покупателями.Это востребованная и высокооплачиваемая профессия, так как помогает бизнесу развиваться в интернете, привлекать новых клиентов и увеличивать продажи., Выберу в процессе обучения', 'https://gb.ru/geek_university/marketing/e-commerce-spec-gb', 'Маркетинг', null, null, 'Junior');
INSERT INTO public."Program" (id, name, speciality, url, tag, days_amount, price, difficulty) VALUES (8766, 'Веб-разработчик. Специалист. Смешанный формат', 'Веб-разработчик создаёт сайты: поисковики, соцсети, банковские приложения. Он отвечает как за внешний вид сайта, так и за его логику: работу серверов, файлов и баз данных. Если убрать веб-разработчиков, бизнес перестанет зарабатывать в интернете, Программирование', 'https://gb.ru/geek_university/developer/programmer/web', 'Информационные технологии', null, null, 'Junior');
INSERT INTO public."Program" (id, name, speciality, url, tag, days_amount, price, difficulty) VALUES (8767, 'Python-разработчик. Специалист. Смешанный формат', 'Python является самым популярным языком программирования из-за своей простоты и универсальности. Его используют не только для разработки веб-приложений и сервисов, но и для автоматизации, тестирования, анализа данных и машинного обучения. На Python написано множество библиотек для нейросетей и много другого., Программирование', 'https://gb.ru/geek_university/developer/programmer/python-gb', 'Информационные технологии', null, null, 'Junior');
INSERT INTO public."Program" (id, name, speciality, url, tag, days_amount, price, difficulty) VALUES (8979, 'DevOps-инженер. Специалист', 'DevOps-инженер автоматизирует процессы разработки, тестирования и установки программного обеспечения. Он отвечает за создание и поддержку инфраструктуры, обеспечивает доступность и надежность компьютерных систем. Это востребованная и высокооплачиваемая профессия, так как помогает бизнесу оптимизировать процессы, отвечать на потребности пользователя и приносить прибыль компании., Программирование', 'https://gb.ru/geek_university/developer/architecture/devops-spec-gb', 'Информационные технологии', null, null, 'Junior');
INSERT INTO public."Program" (id, name, speciality, url, tag, days_amount, price, difficulty) VALUES (9037, 'Специалист по внедрению ИИ', ', Программирование', 'https://gb.ru/s/ai-integration-specialist', 'Информационные технологии', null, null, 'Junior');
INSERT INTO public."Program" (id, name, speciality, url, tag, days_amount, price, difficulty) VALUES (9181, 'Бухгалтер (совместно со SkillBox)', ', ', 'https://gb.ru/geek_university/management/accountant', 'Управление', null, null, 'Junior');
INSERT INTO public."Program" (id, name, speciality, url, tag, days_amount, price, difficulty) VALUES (9182, 'Как продавать на Wildberries (совместно со SkillBox)', ', ', 'https://gb.ru/geek_university/marketing/wildberries-sales', 'Маркетинг', null, null, 'Junior');

INSERT INTO public."Module" (id, program_id, title, ordinal) VALUES (1, 5455, 'Модуль 1. Возможности компьютера', 0);
INSERT INTO public."Module" (id, program_id, title, ordinal) VALUES (2, 5455, 'Модуль 2. Компьютер для школы', 1);
INSERT INTO public."Module" (id, program_id, title, ordinal) VALUES (3, 5455, 'Модуль 3. Компьютер для досуга', 2);
INSERT INTO public."Module" (id, program_id, title, ordinal) VALUES (4, 5455, 'Модуль 4. Цифровые профессии', 3);
INSERT INTO public."Module" (id, program_id, title, ordinal) VALUES (5, 5578, e'Модуль 1. Иллюстрация
', 0);
INSERT INTO public."Module" (id, program_id, title, ordinal) VALUES (6, 5578, 'Модуль 2. Плакаты', 1);
INSERT INTO public."Module" (id, program_id, title, ordinal) VALUES (7, 5578, 'Модуль 3. Верстка', 2);
INSERT INTO public."Module" (id, program_id, title, ordinal) VALUES (8, 5578, 'Модуль 4. Фирменный стиль, часть 1', 3);
INSERT INTO public."Module" (id, program_id, title, ordinal) VALUES (9, 5578, 'Модуль 5. Фирменный стиль, часть 2', 4);
INSERT INTO public."Module" (id, program_id, title, ordinal) VALUES (10, 5191, e'Модуль 1. Основы 3D-моделирования
', 0);
INSERT INTO public."Module" (id, program_id, title, ordinal) VALUES (11, 5191, 'Модуль 2. Текстуры и рендер', 1);
INSERT INTO public."Module" (id, program_id, title, ordinal) VALUES (12, 5191, 'Модуль 3. Моделирование персонажа', 2);
INSERT INTO public."Module" (id, program_id, title, ordinal) VALUES (13, 5191, 'Модуль 4. Анимация', 3);
INSERT INTO public."Module" (id, program_id, title, ordinal) VALUES (14, 5191, 'Модуль 5. Система частиц', 4);
INSERT INTO public."Module" (id, program_id, title, ordinal) VALUES (15, 4020, 'Модуль 1. Возможности Roblox Studio', 0);
INSERT INTO public."Module" (id, program_id, title, ordinal) VALUES (16, 4020, 'Модуль 2. Создание персонажей и моделирование', 1);
INSERT INTO public."Module" (id, program_id, title, ordinal) VALUES (17, 4020, 'Модуль 3. Командная работа и первый симулятор', 2);
INSERT INTO public."Module" (id, program_id, title, ordinal) VALUES (18, 4020, 'Модуль 4. Продвинутое программирование', 3);
INSERT INTO public."Module" (id, program_id, title, ordinal) VALUES (19, 4020, 'Модуль 5. Игровой дизайн', 4);
INSERT INTO public."Module" (id, program_id, title, ordinal) VALUES (20, 5802, 'Модуль 1. Создание анимации', 0);
INSERT INTO public."Module" (id, program_id, title, ordinal) VALUES (21, 5802, 'Модуль 2. Создание мультфильмов', 1);
INSERT INTO public."Module" (id, program_id, title, ordinal) VALUES (22, 5802, 'Модуль 3. Знакомство с игровой механикой', 2);
INSERT INTO public."Module" (id, program_id, title, ordinal) VALUES (23, 5802, 'Модуль 4. Командная разработка', 3);
INSERT INTO public."Module" (id, program_id, title, ordinal) VALUES (24, 5802, 'Модуль 5. Платформеры', 4);
INSERT INTO public."Module" (id, program_id, title, ordinal) VALUES (25, 6104, 'Модуль 1. Создание миров в Minecraft', 0);
INSERT INTO public."Module" (id, program_id, title, ordinal) VALUES (26, 6104, 'Модуль 2. Создание предметов', 1);
INSERT INTO public."Module" (id, program_id, title, ordinal) VALUES (27, 6104, 'Модуль 3. Программирование и игровой дизайн', 2);
INSERT INTO public."Module" (id, program_id, title, ordinal) VALUES (28, 6104, 'Модуль 4. Командная работа', 3);
INSERT INTO public."Module" (id, program_id, title, ordinal) VALUES (29, 6104, 'Модуль 5. Углубленное программирование', 4);
INSERT INTO public."Module" (id, program_id, title, ordinal) VALUES (30, 5579, 'Модуль 1. Основы 2D-анимации', 0);
INSERT INTO public."Module" (id, program_id, title, ordinal) VALUES (31, 5579, 'Модуль 2. Основы 3D-анимации', 1);
INSERT INTO public."Module" (id, program_id, title, ordinal) VALUES (32, 5579, 'Модуль 3. Продвинутая работа в 3D', 2);
INSERT INTO public."Module" (id, program_id, title, ordinal) VALUES (33, 5579, 'Модуль 4. Создание мультфильма по своей задумке', 3);
INSERT INTO public."Module" (id, program_id, title, ordinal) VALUES (34, 5579, 'Модуль 5. Командная работа', 4);
INSERT INTO public."Module" (id, program_id, title, ordinal) VALUES (35, 5873, 'Модуль 1. Редимаг: знакомство с основами веб-дизайна', 0);
INSERT INTO public."Module" (id, program_id, title, ordinal) VALUES (36, 5873, 'Модуль 2. Фигма: разработка интерфейсов и веб-сайтов', 1);
INSERT INTO public."Module" (id, program_id, title, ordinal) VALUES (37, 5873, 'Модуль 3. Командная работа и первый симулятор', 2);
INSERT INTO public."Module" (id, program_id, title, ordinal) VALUES (38, 5873, 'Модуль 4. Фигма: создание веб-приложений', 3);
INSERT INTO public."Module" (id, program_id, title, ordinal) VALUES (39, 5873, 'Модуль 5. Командная разработка', 4);
INSERT INTO public."Module" (id, program_id, title, ordinal) VALUES (40, 5878, 'Модуль 1. Защита данных в интернете', 0);
INSERT INTO public."Module" (id, program_id, title, ordinal) VALUES (41, 5878, 'Модуль 2. Продвинутая кибербезопасность', 1);
INSERT INTO public."Module" (id, program_id, title, ordinal) VALUES (42, 5878, 'Модуль 3. Создание компьютерных приложений', 2);
INSERT INTO public."Module" (id, program_id, title, ordinal) VALUES (43, 5878, 'Модуль 4. Аналитика данных', 3);
INSERT INTO public."Module" (id, program_id, title, ordinal) VALUES (44, 5878, 'Модуль 5. Программный интерфейс мобильных приложений', 4);
INSERT INTO public."Module" (id, program_id, title, ordinal) VALUES (45, 5880, 'Модуль 1. Введение в программирование на Python', 0);
INSERT INTO public."Module" (id, program_id, title, ordinal) VALUES (46, 5880, 'Модуль 2. Циклы в Python', 1);
INSERT INTO public."Module" (id, program_id, title, ordinal) VALUES (47, 5880, 'Модуль 3. Функции в Python', 2);
INSERT INTO public."Module" (id, program_id, title, ordinal) VALUES (48, 5880, 'Модуль 4. Основы ООП в Python', 3);
INSERT INTO public."Module" (id, program_id, title, ordinal) VALUES (49, 5880, 'Модуль 5. Секретные возможности Python', 4);
INSERT INTO public."Module" (id, program_id, title, ordinal) VALUES (50, 5876, 'Модуль 1. Особенности языков HTML и CSS', 0);
INSERT INTO public."Module" (id, program_id, title, ordinal) VALUES (51, 5876, 'Модуль 2. Flexbox: гибкая модель создания сайта', 1);
INSERT INTO public."Module" (id, program_id, title, ordinal) VALUES (52, 5876, e'Модуль 3. Библиотеки: Bootstrap 5, Swiper, Animate.css
', 2);
INSERT INTO public."Module" (id, program_id, title, ordinal) VALUES (53, 5876, e'Модуль 4. Основы языка JavaScript
', 3);
INSERT INTO public."Module" (id, program_id, title, ordinal) VALUES (54, 5876, 'Модуль 5. Командная разработка', 4);
INSERT INTO public."Module" (id, program_id, title, ordinal) VALUES (55, 8016, 'Модуль 1. Базовые конструкции языка Python', 0);
INSERT INTO public."Module" (id, program_id, title, ordinal) VALUES (56, 8016, 'Модуль 2. 2D-игры на Python', 1);
INSERT INTO public."Module" (id, program_id, title, ordinal) VALUES (57, 8016, 'Модуль 3. Веб-разработка', 2);
INSERT INTO public."Module" (id, program_id, title, ordinal) VALUES (58, 8016, 'Модуль 4. Телеграм-боты', 3);
INSERT INTO public."Module" (id, program_id, title, ordinal) VALUES (59, 8016, 'Модуль 5. Групповая разработка. Финальный проект', 4);
INSERT INTO public."Module" (id, program_id, title, ordinal) VALUES (60, 8539, 'Модуль 1. Основы разработки игр', 0);
INSERT INTO public."Module" (id, program_id, title, ordinal) VALUES (61, 8539, 'Модуль 2. Погружение в программирование', 1);
INSERT INTO public."Module" (id, program_id, title, ordinal) VALUES (62, 8539, 'Модуль 3. Левел-дизайн и создание эффектов', 2);
INSERT INTO public."Module" (id, program_id, title, ordinal) VALUES (63, 8539, 'Модуль 4. Гейм-дизайн', 3);
INSERT INTO public."Module" (id, program_id, title, ordinal) VALUES (64, 8539, 'Модуль 5. Командная разработка игры', 4);

INSERT INTO public."Quarter" (id, program_id, title, ordinal) VALUES (1, 5455, 'Модуль 1. Возможности компьютера', 0);
INSERT INTO public."Quarter" (id, program_id, title, ordinal) VALUES (2, 5455, 'Модуль 2. Компьютер для школы', 1);
INSERT INTO public."Quarter" (id, program_id, title, ordinal) VALUES (3, 5455, 'Модуль 3. Компьютер для досуга', 2);
INSERT INTO public."Quarter" (id, program_id, title, ordinal) VALUES (4, 5455, 'Модуль 4. Цифровые профессии', 3);
INSERT INTO public."Quarter" (id, program_id, title, ordinal) VALUES (5, 5578, 'Модуль 1. Иллюстрация', 0);
INSERT INTO public."Quarter" (id, program_id, title, ordinal) VALUES (6, 5578, 'Модуль 2. Плакаты', 1);
INSERT INTO public."Quarter" (id, program_id, title, ordinal) VALUES (7, 5578, 'Модуль 3. Верстка', 2);
INSERT INTO public."Quarter" (id, program_id, title, ordinal) VALUES (8, 5578, 'Модуль 4. Фирменный стиль, часть 1', 3);
INSERT INTO public."Quarter" (id, program_id, title, ordinal) VALUES (9, 5578, 'Модуль 5. Фирменный стиль, часть 2', 4);
INSERT INTO public."Quarter" (id, program_id, title, ordinal) VALUES (10, 5191, 'Модуль 1. Основы 3D-моделирования', 0);
INSERT INTO public."Quarter" (id, program_id, title, ordinal) VALUES (11, 5191, 'Модуль 2. Текстуры и рендер', 1);
INSERT INTO public."Quarter" (id, program_id, title, ordinal) VALUES (12, 5191, 'Модуль 3. Моделирование персонажа', 2);
INSERT INTO public."Quarter" (id, program_id, title, ordinal) VALUES (13, 5191, 'Модуль 4. Анимация', 3);
INSERT INTO public."Quarter" (id, program_id, title, ordinal) VALUES (14, 5191, 'Модуль 5. Система частиц', 4);
INSERT INTO public."Quarter" (id, program_id, title, ordinal) VALUES (15, 4020, 'Модуль 1. Возможности Roblox Studio', 0);
INSERT INTO public."Quarter" (id, program_id, title, ordinal) VALUES (16, 4020, 'Модуль 2. Создание персонажей и моделирование', 1);
INSERT INTO public."Quarter" (id, program_id, title, ordinal) VALUES (17, 4020, 'Модуль 3. Командная работа и первый симулятор', 2);
INSERT INTO public."Quarter" (id, program_id, title, ordinal) VALUES (18, 4020, 'Модуль 4. Продвинутое программирование', 3);
INSERT INTO public."Quarter" (id, program_id, title, ordinal) VALUES (19, 4020, 'Модуль 5. Игровой дизайн', 4);
INSERT INTO public."Quarter" (id, program_id, title, ordinal) VALUES (20, 5802, 'Модуль 1. Создание анимации', 0);
INSERT INTO public."Quarter" (id, program_id, title, ordinal) VALUES (21, 5802, 'Модуль 2. Создание мультфильмов', 1);
INSERT INTO public."Quarter" (id, program_id, title, ordinal) VALUES (22, 5802, 'Модуль 3. Знакомство с игровой механикой', 2);
INSERT INTO public."Quarter" (id, program_id, title, ordinal) VALUES (23, 5802, 'Модуль 4. Командная разработка', 3);
INSERT INTO public."Quarter" (id, program_id, title, ordinal) VALUES (24, 5802, 'Модуль 5. Платформеры', 4);
INSERT INTO public."Quarter" (id, program_id, title, ordinal) VALUES (25, 6144, 'Основной блок', 0);
INSERT INTO public."Quarter" (id, program_id, title, ordinal) VALUES (26, 6144, 'Специализация', 1);
INSERT INTO public."Quarter" (id, program_id, title, ordinal) VALUES (27, 6144, 'Технологическая специализация', 2);
INSERT INTO public."Quarter" (id, program_id, title, ordinal) VALUES (28, 6104, 'Модуль 1. Создание миров в Minecraft', 0);
INSERT INTO public."Quarter" (id, program_id, title, ordinal) VALUES (29, 6104, 'Модуль 2. Создание предметов', 1);
INSERT INTO public."Quarter" (id, program_id, title, ordinal) VALUES (30, 6104, 'Модуль 3. Программирование и игровой дизайн', 2);
INSERT INTO public."Quarter" (id, program_id, title, ordinal) VALUES (31, 6104, 'Модуль 4. Командная работа', 3);
INSERT INTO public."Quarter" (id, program_id, title, ordinal) VALUES (32, 6104, 'Модуль 5. Углубленное программирование', 4);
INSERT INTO public."Quarter" (id, program_id, title, ordinal) VALUES (33, 6156, 'Основной блок', 0);
INSERT INTO public."Quarter" (id, program_id, title, ordinal) VALUES (34, 6156, 'Специализация', 1);
INSERT INTO public."Quarter" (id, program_id, title, ordinal) VALUES (35, 6156, 'Технологическая специализация', 2);
INSERT INTO public."Quarter" (id, program_id, title, ordinal) VALUES (36, 6163, 'Основной блок', 0);
INSERT INTO public."Quarter" (id, program_id, title, ordinal) VALUES (37, 6163, 'Специализация Аналитик', 1);
INSERT INTO public."Quarter" (id, program_id, title, ordinal) VALUES (38, 6163, 'Технологическая специализация', 2);
INSERT INTO public."Quarter" (id, program_id, title, ordinal) VALUES (39, 6203, 'Основной блок', 0);
INSERT INTO public."Quarter" (id, program_id, title, ordinal) VALUES (40, 6203, 'Специализация', 1);
INSERT INTO public."Quarter" (id, program_id, title, ordinal) VALUES (41, 6203, 'Технологическая специализация', 2);
INSERT INTO public."Quarter" (id, program_id, title, ordinal) VALUES (42, 6247, 'Основной блок', 0);
INSERT INTO public."Quarter" (id, program_id, title, ordinal) VALUES (43, 6247, 'Специализация', 1);
INSERT INTO public."Quarter" (id, program_id, title, ordinal) VALUES (44, 6247, 'Технологическая специализация', 2);
INSERT INTO public."Quarter" (id, program_id, title, ordinal) VALUES (45, 6239, 'Основной блок', 0);
INSERT INTO public."Quarter" (id, program_id, title, ordinal) VALUES (46, 6239, 'Специализация Программист', 1);
INSERT INTO public."Quarter" (id, program_id, title, ordinal) VALUES (47, 6239, 'Технологическая специализация', 2);
INSERT INTO public."Quarter" (id, program_id, title, ordinal) VALUES (48, 6302, 'Основной блок', 0);
INSERT INTO public."Quarter" (id, program_id, title, ordinal) VALUES (49, 6302, 'Специализация: Тестировщик', 1);
INSERT INTO public."Quarter" (id, program_id, title, ordinal) VALUES (50, 6302, 'Технологическая специализация на выбор', 2);
INSERT INTO public."Quarter" (id, program_id, title, ordinal) VALUES (51, 6265, 'Основной блок', 0);
INSERT INTO public."Quarter" (id, program_id, title, ordinal) VALUES (52, 6265, 'Специализация Программист', 1);
INSERT INTO public."Quarter" (id, program_id, title, ordinal) VALUES (53, 6265, 'Технологическая специализация', 2);
INSERT INTO public."Quarter" (id, program_id, title, ordinal) VALUES (54, 6411, 'Основной блок', 0);
INSERT INTO public."Quarter" (id, program_id, title, ordinal) VALUES (55, 6411, 'Специализация Бренд-менеджер', 1);
INSERT INTO public."Quarter" (id, program_id, title, ordinal) VALUES (56, 6411, 'Две технологические специализации на выбор', 2);
INSERT INTO public."Quarter" (id, program_id, title, ordinal) VALUES (57, 6504, 'Основной блок', 0);
INSERT INTO public."Quarter" (id, program_id, title, ordinal) VALUES (58, 6504, 'Специализация Цифровой дизайн', 1);
INSERT INTO public."Quarter" (id, program_id, title, ordinal) VALUES (59, 6504, 'Технологическая специализация', 2);
INSERT INTO public."Quarter" (id, program_id, title, ordinal) VALUES (60, 6500, 'Основной блок', 0);
INSERT INTO public."Quarter" (id, program_id, title, ordinal) VALUES (61, 6500, 'Дипломный блок', 1);
INSERT INTO public."Quarter" (id, program_id, title, ordinal) VALUES (62, 5579, 'Модуль 1. Основы 2D-анимации', 0);
INSERT INTO public."Quarter" (id, program_id, title, ordinal) VALUES (63, 5579, 'Модуль 2. Основы 3D-анимации', 1);
INSERT INTO public."Quarter" (id, program_id, title, ordinal) VALUES (64, 5579, 'Модуль 3. Продвинутая работа в 3D', 2);
INSERT INTO public."Quarter" (id, program_id, title, ordinal) VALUES (65, 5579, 'Модуль 4. Создание мультфильма по своей задумке', 3);
INSERT INTO public."Quarter" (id, program_id, title, ordinal) VALUES (66, 5579, 'Модуль 5. Командная работа', 4);
INSERT INTO public."Quarter" (id, program_id, title, ordinal) VALUES (67, 6401, 'Основной блок', 0);
INSERT INTO public."Quarter" (id, program_id, title, ordinal) VALUES (68, 6401, 'Специализация «Интернет-маркетолог»', 1);
INSERT INTO public."Quarter" (id, program_id, title, ordinal) VALUES (69, 6401, 'Две технологические специализации на выбор', 2);
INSERT INTO public."Quarter" (id, program_id, title, ordinal) VALUES (70, 6416, 'Основной блок', 0);
INSERT INTO public."Quarter" (id, program_id, title, ordinal) VALUES (71, 6416, 'Специализация', 1);
INSERT INTO public."Quarter" (id, program_id, title, ordinal) VALUES (72, 6416, 'Технологическая специализация', 2);
INSERT INTO public."Quarter" (id, program_id, title, ordinal) VALUES (73, 6416, 'Вторая технологическая специализация на выбор', 3);
INSERT INTO public."Quarter" (id, program_id, title, ordinal) VALUES (74, 6424, 'Основной блок', 0);
INSERT INTO public."Quarter" (id, program_id, title, ordinal) VALUES (75, 6424, 'Специализация', 1);
INSERT INTO public."Quarter" (id, program_id, title, ordinal) VALUES (76, 6424, 'Технологическая специализация', 2);
INSERT INTO public."Quarter" (id, program_id, title, ordinal) VALUES (77, 6424, 'Вторая технологическая специализация на выбор', 3);
INSERT INTO public."Quarter" (id, program_id, title, ordinal) VALUES (78, 6406, 'Основной блок', 0);
INSERT INTO public."Quarter" (id, program_id, title, ordinal) VALUES (79, 6406, 'Специализация Продакт-маркетолог', 1);
INSERT INTO public."Quarter" (id, program_id, title, ordinal) VALUES (80, 6406, 'Две технологические специализации на выбор', 2);
INSERT INTO public."Quarter" (id, program_id, title, ordinal) VALUES (81, 5873, 'Модуль 1. Редимаг: знакомство с основами веб-дизайна', 0);
INSERT INTO public."Quarter" (id, program_id, title, ordinal) VALUES (82, 5873, 'Модуль 2. Фигма: разработка интерфейсов и веб-сайтов', 1);
INSERT INTO public."Quarter" (id, program_id, title, ordinal) VALUES (83, 5873, 'Модуль 3. Командная работа и первый симулятор', 2);
INSERT INTO public."Quarter" (id, program_id, title, ordinal) VALUES (84, 5873, 'Модуль 4. Фигма: создание веб-приложений', 3);
INSERT INTO public."Quarter" (id, program_id, title, ordinal) VALUES (85, 5873, 'Модуль 5. Командная разработка', 4);
INSERT INTO public."Quarter" (id, program_id, title, ordinal) VALUES (86, 5878, 'Модуль 1. Защита данных в интернете', 0);
INSERT INTO public."Quarter" (id, program_id, title, ordinal) VALUES (87, 5878, 'Модуль 2. Продвинутая кибербезопасность', 1);
INSERT INTO public."Quarter" (id, program_id, title, ordinal) VALUES (88, 5878, 'Модуль 3. Создание компьютерных приложений', 2);
INSERT INTO public."Quarter" (id, program_id, title, ordinal) VALUES (89, 5878, 'Модуль 4. Аналитика данных', 3);
INSERT INTO public."Quarter" (id, program_id, title, ordinal) VALUES (90, 5878, 'Модуль 5. Программный интерфейс мобильных приложений', 4);
INSERT INTO public."Quarter" (id, program_id, title, ordinal) VALUES (91, 5880, 'Модуль 1. Введение в программирование на Python', 0);
INSERT INTO public."Quarter" (id, program_id, title, ordinal) VALUES (92, 5880, 'Модуль 2. Циклы в Python', 1);
INSERT INTO public."Quarter" (id, program_id, title, ordinal) VALUES (93, 5880, 'Модуль 3. Функции в Python', 2);
INSERT INTO public."Quarter" (id, program_id, title, ordinal) VALUES (94, 5880, 'Модуль 4. Основы ООП в Python', 3);
INSERT INTO public."Quarter" (id, program_id, title, ordinal) VALUES (95, 5880, 'Модуль 5. Секретные возможности Python', 4);
INSERT INTO public."Quarter" (id, program_id, title, ordinal) VALUES (96, 5876, 'Модуль 1. Особенности языков HTML и CSS', 0);
INSERT INTO public."Quarter" (id, program_id, title, ordinal) VALUES (97, 5876, 'Модуль 2. Flexbox: гибкая модель создания сайта', 1);
INSERT INTO public."Quarter" (id, program_id, title, ordinal) VALUES (98, 5876, 'Модуль 3. Библиотеки: Bootstrap 5, Swiper, Animate.css', 2);
INSERT INTO public."Quarter" (id, program_id, title, ordinal) VALUES (99, 5876, 'Модуль 4. Основы языка JavaScript', 3);
INSERT INTO public."Quarter" (id, program_id, title, ordinal) VALUES (100, 5876, 'Модуль 5. Командная разработка', 4);
INSERT INTO public."Quarter" (id, program_id, title, ordinal) VALUES (101, 6870, 'Основной блок', 0);
INSERT INTO public."Quarter" (id, program_id, title, ordinal) VALUES (102, 6870, 'Специализация', 1);
INSERT INTO public."Quarter" (id, program_id, title, ordinal) VALUES (103, 6870, 'Технологическая специализация', 2);
INSERT INTO public."Quarter" (id, program_id, title, ordinal) VALUES (104, 7596, 'Старт карьеры', 0);
INSERT INTO public."Quarter" (id, program_id, title, ordinal) VALUES (105, 7596, 'Развитие карьеры', 1);
INSERT INTO public."Quarter" (id, program_id, title, ordinal) VALUES (106, 7596, 'Подготовка к работе', 2);
INSERT INTO public."Quarter" (id, program_id, title, ordinal) VALUES (107, 7598, 'Специалист Data Science в медицине', 0);
INSERT INTO public."Quarter" (id, program_id, title, ordinal) VALUES (108, 7599, 'Веб-дизайнер', 0);
INSERT INTO public."Quarter" (id, program_id, title, ordinal) VALUES (109, 7600, 'Моушен-дизайнер', 0);
INSERT INTO public."Quarter" (id, program_id, title, ordinal) VALUES (110, 7601, 'Fullstack-дизайнер', 0);
INSERT INTO public."Quarter" (id, program_id, title, ordinal) VALUES (111, 7614, 'Гейм-дизайнер', 0);
INSERT INTO public."Quarter" (id, program_id, title, ordinal) VALUES (112, 7615, '3D-моделирование', 0);
INSERT INTO public."Quarter" (id, program_id, title, ordinal) VALUES (113, 7617, 'Таргетолог', 0);
INSERT INTO public."Quarter" (id, program_id, title, ordinal) VALUES (114, 7618, 'SMM-менеджер', 0);
INSERT INTO public."Quarter" (id, program_id, title, ordinal) VALUES (115, 7606, 'Основные курсы', 0);
INSERT INTO public."Quarter" (id, program_id, title, ordinal) VALUES (116, 7606, 'Дополнительные курсы', 1);
INSERT INTO public."Quarter" (id, program_id, title, ordinal) VALUES (117, 7613, 'Графический дизайнер', 0);
INSERT INTO public."Quarter" (id, program_id, title, ordinal) VALUES (118, 7628, 'Программист C++', 0);
INSERT INTO public."Quarter" (id, program_id, title, ordinal) VALUES (119, 7783, 'Начало карьеры', 0);
INSERT INTO public."Quarter" (id, program_id, title, ordinal) VALUES (120, 7783, 'Развитие карьеры', 1);
INSERT INTO public."Quarter" (id, program_id, title, ordinal) VALUES (121, 7783, 'Дополнительные темы', 2);
INSERT INTO public."Quarter" (id, program_id, title, ordinal) VALUES (122, 7916, 'Проджект-менеджер в ИТ', 0);
INSERT INTO public."Quarter" (id, program_id, title, ordinal) VALUES (123, 7918, 'Product-менеджер', 0);
INSERT INTO public."Quarter" (id, program_id, title, ordinal) VALUES (124, 8016, 'Модуль 1. 2D-игры на Python', 0);
INSERT INTO public."Quarter" (id, program_id, title, ordinal) VALUES (125, 8016, 'Модуль 2. Сайты на Python', 1);
INSERT INTO public."Quarter" (id, program_id, title, ordinal) VALUES (126, 8016, 'Модуль 3. Чат-боты на Python', 2);
INSERT INTO public."Quarter" (id, program_id, title, ordinal) VALUES (127, 8285, 'Программа обучения', 0);
INSERT INTO public."Quarter" (id, program_id, title, ordinal) VALUES (128, 8458, 'Программа обучения', 0);
INSERT INTO public."Quarter" (id, program_id, title, ordinal) VALUES (129, 8539, 'Модуль 1. Основы разработки игр', 0);
INSERT INTO public."Quarter" (id, program_id, title, ordinal) VALUES (130, 8539, 'Модуль 2. Погружение в программирование', 1);
INSERT INTO public."Quarter" (id, program_id, title, ordinal) VALUES (131, 8539, 'Модуль 3. Левел-дизайн и создание эффектов', 2);
INSERT INTO public."Quarter" (id, program_id, title, ordinal) VALUES (132, 8539, 'Модуль 4. Гейм-дизайн и анимация', 3);
INSERT INTO public."Quarter" (id, program_id, title, ordinal) VALUES (133, 8539, 'Модуль 5. Командная разработка игры', 4);
INSERT INTO public."Quarter" (id, program_id, title, ordinal) VALUES (134, 8635, 'Вводный курс', 0);
INSERT INTO public."Quarter" (id, program_id, title, ordinal) VALUES (135, 8635, 'Основной блок', 1);
INSERT INTO public."Quarter" (id, program_id, title, ordinal) VALUES (136, 8635, 'Специализация на выбор', 2);
INSERT INTO public."Quarter" (id, program_id, title, ordinal) VALUES (137, 8635, 'Дополнительные курсы', 3);
INSERT INTO public."Quarter" (id, program_id, title, ordinal) VALUES (138, 8636, 'Основной блок', 0);
INSERT INTO public."Quarter" (id, program_id, title, ordinal) VALUES (139, 8636, 'Курсы по выбору', 1);
INSERT INTO public."Quarter" (id, program_id, title, ordinal) VALUES (140, 8636, 'Дополнительные курсы', 2);
INSERT INTO public."Quarter" (id, program_id, title, ordinal) VALUES (141, 8637, 'Основной блок', 0);
INSERT INTO public."Quarter" (id, program_id, title, ordinal) VALUES (142, 8637, 'Дополнительные курсы', 1);
INSERT INTO public."Quarter" (id, program_id, title, ordinal) VALUES (143, 8638, 'Коммерческая иллюстрация с нуля до PRO', 0);
INSERT INTO public."Quarter" (id, program_id, title, ordinal) VALUES (144, 8638, 'Персонажная иллюстрация', 1);
INSERT INTO public."Quarter" (id, program_id, title, ordinal) VALUES (145, 8638, 'Специализация на выбор', 2);
INSERT INTO public."Quarter" (id, program_id, title, ordinal) VALUES (146, 8638, 'Инструменты иллюстратора', 3);
INSERT INTO public."Quarter" (id, program_id, title, ordinal) VALUES (147, 8638, 'Дополнительные курсы', 4);
INSERT INTO public."Quarter" (id, program_id, title, ordinal) VALUES (148, 8639, 'Основной блок', 0);
INSERT INTO public."Quarter" (id, program_id, title, ordinal) VALUES (149, 8639, 'Специализация', 1);
INSERT INTO public."Quarter" (id, program_id, title, ordinal) VALUES (150, 8639, 'Дополнительные курсы', 2);
INSERT INTO public."Quarter" (id, program_id, title, ordinal) VALUES (151, 8639, 'Бонусный курс', 3);
INSERT INTO public."Quarter" (id, program_id, title, ordinal) VALUES (152, 8680, 'Начало карьеры', 0);
INSERT INTO public."Quarter" (id, program_id, title, ordinal) VALUES (153, 8680, 'Развитие карьеры', 1);
INSERT INTO public."Quarter" (id, program_id, title, ordinal) VALUES (154, 8680, 'Дополнительные темы', 2);
INSERT INTO public."Quarter" (id, program_id, title, ordinal) VALUES (155, 8682, 'Основной блок', 0);
INSERT INTO public."Quarter" (id, program_id, title, ordinal) VALUES (156, 8682, 'Дополнительные курсы', 1);
INSERT INTO public."Quarter" (id, program_id, title, ordinal) VALUES (157, 8684, 'Вводный курс', 0);
INSERT INTO public."Quarter" (id, program_id, title, ordinal) VALUES (158, 8684, 'Основной блок', 1);
INSERT INTO public."Quarter" (id, program_id, title, ordinal) VALUES (159, 8684, 'Дополнительные курсы', 2);
INSERT INTO public."Quarter" (id, program_id, title, ordinal) VALUES (160, 8686, 'Вводный курс', 0);
INSERT INTO public."Quarter" (id, program_id, title, ordinal) VALUES (161, 8686, 'Основной блок', 1);
INSERT INTO public."Quarter" (id, program_id, title, ordinal) VALUES (162, 8686, 'Специализация на выбор', 2);
INSERT INTO public."Quarter" (id, program_id, title, ordinal) VALUES (163, 8688, 'Начало карьеры', 0);
INSERT INTO public."Quarter" (id, program_id, title, ordinal) VALUES (164, 8688, 'Развитие карьеры', 1);
INSERT INTO public."Quarter" (id, program_id, title, ordinal) VALUES (165, 8688, 'Дополнительные темы', 2);
INSERT INTO public."Quarter" (id, program_id, title, ordinal) VALUES (166, 8745, 'Основной блок', 0);
INSERT INTO public."Quarter" (id, program_id, title, ordinal) VALUES (167, 8745, 'Дополнительные курсы', 1);
INSERT INTO public."Quarter" (id, program_id, title, ordinal) VALUES (168, 8979, 'Основные курсы', 0);
INSERT INTO public."Quarter" (id, program_id, title, ordinal) VALUES (169, 8979, 'Дополнительные курсы', 1);
INSERT INTO public."Quarter" (id, program_id, title, ordinal) VALUES (170, 9037, 'Создание виртуальных ассистентов', 0);
INSERT INTO public."Quarter" (id, program_id, title, ordinal) VALUES (171, 9037, 'Расширенные технологии для создания виртуальных помощников', 1);
INSERT INTO public."Quarter" (id, program_id, title, ordinal) VALUES (172, 9037, 'Разбор бизнес кейсов и итоговая работа', 2);
INSERT INTO public."Quarter" (id, program_id, title, ordinal) VALUES (173, 9181, 'Основы бухгалтерского учета', 0);
INSERT INTO public."Quarter" (id, program_id, title, ordinal) VALUES (174, 9181, 'Налоги и налогообложение', 1);
INSERT INTO public."Quarter" (id, program_id, title, ordinal) VALUES (175, 9181, '«1С:Бухгалтерия 8», редакция 3.0', 2);
INSERT INTO public."Quarter" (id, program_id, title, ordinal) VALUES (176, 9181, '«1С:Зарплата и управление персоналом 8»', 3);
INSERT INTO public."Quarter" (id, program_id, title, ordinal) VALUES (177, 9181, 'Стресс-менеджмент', 4);
INSERT INTO public."Quarter" (id, program_id, title, ordinal) VALUES (178, 9181, 'Excel', 5);
INSERT INTO public."Quarter" (id, program_id, title, ordinal) VALUES (179, 9182, 'Как продавать на Wildberries', 0);
INSERT INTO public."Quarter" (id, program_id, title, ordinal) VALUES (180, 9182, 'Итоговая аттестация', 1);
